"","CU_Name","x_bar","CI_0.025","CI_0.500","CI_0.975"
"1","Middle_Fraser",1860.13431680444,1038.46058369575,1727.58170048557,3366.67094763795
"2","Fraser_Canyon",411.412264102713,136.06109095806,357.299011896325,997.409089526402
"3","Lower_Thompson",2082.56532156229,950.329088791212,1864.63706246574,4211.57312794657
"4","North_Thompson",2956.26377365899,1543.48620781761,2714.17883233149,5629.00487315025
"5","South_Thompson",3718.34018569499,1346.16488059957,3031.90114137805,6877.60499180882
