"","CU_Name","x_bar","CI_0.025","CI_0.500","CI_0.975"
"1","Middle_Fraser",1752.89406437616,967.325019679789,1632.79314118393,3187.51875282205
"2","Fraser_Canyon",355.186973785426,140.439415447795,321.015815435265,766.546681718017
"3","Lower_Thompson",2827.91536022585,1202.99971087486,2496.12375299205,5558.21417655188
"4","North_Thompson",2981.32997454343,1526.10630998761,2724.63976609175,5654.52067676149
"5","South_Thompson",2800.34298900274,1229.10875787263,2568.13827333358,5434.39138374919
