"","CU_Name","x_bar","CI_0.025","CI_0.500","CI_0.975"
"1","Middle_Fraser",1759.16035399384,957.358803004494,1639.11438932484,3221.6618592159
"2","Fraser_Canyon",353.888656100968,139.174254363889,319.337002682498,765.527482982249
"3","Lower_Thompson",2709.32172624081,1177.82941543581,2425.73524432338,5285.92719496135
"4","North_Thompson",2989.01783061331,1523.92863832866,2727.35148774897,5704.07354580201
"5","South_Thompson",2856.6335461363,1231.44792961339,2594.2701484987,5541.769586261
