"","CU_Name","x_bar","CI_0.025","CI_0.500","CI_0.975"
"1","Middle_Fraser",1863.07728022469,975.591330098934,1675.73439799012,3395.57179987914
"2","Fraser_Canyon",363.789176889726,141.252710077138,327.223537964914,797.388240274051
"3","Lower_Thompson",2612.20840332992,1159.84793790777,2358.91812290091,5183.96888190514
"4","North_Thompson",2946.26445067981,1501.98348790079,2691.65363759819,5670.19391053778
"5","South_Thompson",2853.65810297837,1234.21576700289,2598.61810136385,5485.96684343174
