"","CU_Name","x_bar","CI_0.025","CI_0.500","CI_0.975"
"1","Middle_Fraser",2687.58733414408,1916.63594481094,2604.02963457668,3855.64646744728
"2","Fraser_Canyon",1140.01775589184,925.661909347743,1117.33316151126,1498.80471573208
"3","Lower_Thompson",3931.48978103173,2373.70800264738,3867.54611363972,5625.85232454689
"4","North_Thompson",5839.10517309242,4366.72684691768,5744.83574197118,7742.50648651682
"5","South_Thompson",4277.35148936504,2739.85604892016,4282.44672818328,6022.48221354781
