"","CU_Name","x_bar","CI_0.025","CI_0.500","CI_0.975"
"1","Middle_Fraser",2424.14328273556,1847.2323763508,2361.45536491932,3422.39037823934
"2","Fraser_Canyon",1108.06111382999,910.702007990422,1092.85909654528,1396.49747971233
"3","Lower_Thompson",3255.7804282114,2212.2383050775,3160.65735273376,5207.97060807084
"4","North_Thompson",5032.17420142398,4240.77214490961,4980.60507923263,6132.97523299651
"5","South_Thompson",3684.90758610831,2604.65007555262,3497.99174719089,5714.46621467007
