"","CU_Name","x_bar","CI_0.025","CI_0.500","CI_0.975"
"1","Middle_Fraser",2538.8348257216,1866.94969891291,2379.90215133868,3453.47459967493
"2","Fraser_Canyon",1115.56280726217,916.012281618802,1099.28239818602,1409.00090701481
"3","Lower_Thompson",3250.26592536605,2264.11831984152,3170.07225251424,5134.38290367658
"4","North_Thompson",5029.20264915865,4256.72999131554,4974.53949820036,6118.63137778678
"5","South_Thompson",3619.24608455159,2592.84166665488,3529.25867080516,5824.42990169801
