"","CU_Name","x_bar","CI_0.025","CI_0.500","CI_0.975"
"1","Middle_Fraser",2618.16650439535,1808.11391826594,2539.81212920217,3812.66373503571
"2","Fraser_Canyon",1156.85682057208,891.351731977726,1122.13954845177,1645.12606286522
"3","Lower_Thompson",3040.88682090045,1917.93265281126,2971.88727881291,4408.79238250457
"4","North_Thompson",5516.44629149955,4091.74500488572,5422.78145708437,7352.17255905202
"5","South_Thompson",4596.36796321114,2384.66309177161,4441.88536589077,6424.7561831731
