"","CU_Name","x_bar","CI_0.025","CI_0.500","CI_0.975"
"1","Middle_Fraser",0.347432711792207,0.184789887923167,0.350801167956015,0.489650619474597
"2","Fraser_Canyon",0.569015608422295,0.216579301204962,0.592528516658767,0.777716622357244
"3","Lower_Thompson",0.368428655533732,0.125560952303328,0.375269510266723,0.570737056469107
"4","North_Thompson",0.456294666975264,0.284028192635744,0.462413180798073,0.59574316162592
"5","South_Thompson",0.330794050614905,0.105777310307437,0.336442665870935,0.52379125037132
