"","CU_Name","x_bar","CI_0.025","CI_0.500","CI_0.975"
"1","Middle_Fraser",0.347392035988586,0.18358070256452,0.351016574091562,0.490199244528262
"2","Fraser_Canyon",0.591612794075418,0.325539989495908,0.604110177325907,0.782171728681843
"3","Lower_Thompson",0.366870226994473,0.122564717464525,0.374013688793453,0.56868680258688
"4","North_Thompson",0.455668261578002,0.282618953848714,0.46188536392185,0.595147594001348
"5","South_Thompson",0.314813224295002,0.0802582943207271,0.320860509722271,0.515976954218473
