"","CU_Name","x_bar","CI_0.025","CI_0.500","CI_0.975"
"1","Middle_Fraser",0.382611047620126,0.228127671425524,0.385709411570816,0.517149703834797
"2","Fraser_Canyon",0.620509376858382,0.40903503505647,0.629449963154754,0.778768861185128
"3","Lower_Thompson",0.351842593395158,0.125595275283765,0.357986469533494,0.543932209165602
"4","North_Thompson",0.473341826139008,0.311882493817545,0.479463951988903,0.603811088907778
"5","South_Thompson",0.38754643817078,0.189019577468528,0.392521861004891,0.559104639223459
