"","CU_Name","x_bar","CI_0.025","CI_0.500","CI_0.975"
"1","Middle_Fraser",0.395707410222177,0.252122294911922,0.398361715759415,0.522732204621764
"2","Fraser_Canyon",0.62400644066962,0.417830770131605,0.632290997448982,0.780680558236817
"3","Lower_Thompson",0.386482742227544,0.181081054499628,0.39097990488041,0.568245529494125
"4","North_Thompson",0.504175290685824,0.375413932783232,0.507119387362998,0.617388345404919
"5","South_Thompson",0.407297481533642,0.217330492007023,0.412228127685598,0.570730875059573
